{"mean": [31.998950266647597, 10.200345094822628, 0.1802148067498183, 3.2960660357806923, 0.046333850963404914, 0.4163077554022774, 0.11019901514067959, 0.0385920218805734, 0.024204070790777233, 0.008567531751058855, 78.01729232282602, 4024464820.6763144, 9.048796364135241e-05, 3.215235674469376, 0.07331856215236081, 0.5990421229158578, 0.4962315159738407, 0.9716932404472421, 0.45667591027687127, 0.4419039962115749, 2.865704221450084], "scale": [48.011484957008854, 4.727476047212208, 0.9260004611404484, 13.433465867075581, 0.2102071007799353, 1.0590014816396913, 0.6858145871195264, 0.1965990577104517, 0.16933580125659772, 0.09398648314735754, 47.850555058728446, 2225846792.924475, 0.009512085763374327, 0.6404385772523074, 0.24822868907635123, 1.0547488435443575, 0.6115581887677329, 0.3401194947677484, 0.5147289273136549, 0.7362783021060327, 0.44795169591005024]}