{"mean": [29.277401149898026, 18.3504658234159, 2.8349385221676604, 7.395302038694416, 0.03308065778347041, 0.004489079996929247, 0.03695675462196599, 0.004130338900874494, 0.04538848391459218, 0.04349874440616381, 0.0016906659303084852, 0.03397415371107301, 1.7460180176183036, 0.090936051553635, 0.06466009062226255, 0.36724463194593837, 2.9515661573749608, 0.03039024551143082, 8.756902263338149e-07, 0.18249968110280923, 3.646300418463168, 0.10941778567715228, 0.5279057663909508, 2.453284699444141, 0.0013652010628544173, 0.11737151461201059, 0.0011687545554135315, 0.04240179644930965, 0.14683194249400663, 3.2713288219718852, 0.030190588139826714, 2.453284699444141, 0.0023763313775278625, 0.0035701890527629634, 0.0912282401924883], "scale": [43.954904546396, 9.506728233317993, 1.0080683445176795, 29.71438661128878, 0.1820132185109281, 0.06794577182738251, 0.1922815859448021, 0.0808420581595852, 0.2310919241194716, 0.43491501018331324, 0.0442108719808859, 2.2233381258786546, 1.2549815870610956, 0.6243040012947736, 0.7488413214970366, 0.9789466978000896, 12.769954771002709, 0.17165861029725765, 0.0009357828057302846, 0.38625580578184465, 0.5170043280378167, 0.3121626721032818, 0.8576301147162986, 10.35515841893334, 0.03692339758083481, 0.05194886749963154, 0.034167068475400846, 0.2015040548157305, 0.35393830416817457, 25.54230449407308, 3.5696475233976424, 10.35515841893334, 0.04868967474436481, 0.0596443023506059, 0.1569639510221075]}